motusTagID,date,n_hits,first_time,last_time,n_hours,mean_snr,max_snr,mean_sig,duration_hours,center_hour,behavior
80204.0,2023-09-23,114,2023-09-23 04:30:16.730,2023-09-23 05:14:23.568,2,0.1922758861646237,0.4331553827954244,-65.0338850877193,0.7352327777777778,4.367616388888889,intermediate
80207.0,2023-09-16,9,2023-09-16 02:38:42.415,2023-09-16 02:42:33.700,1,0.10819160448982841,0.11746654643282672,-71.27987777777778,0.06424583333333334,2.032122916666667,fly_by
80795.0,2023-09-21,1138,2023-09-21 21:29:12.297,2023-09-21 23:59:45.679,3,0.41317579668706056,0.6199062806494969,-43.45856871704745,2.5092727777777775,22.25463638888889,linger
80795.0,2023-09-22,1240,2023-09-22 00:00:17.375,2023-09-22 03:51:40.250,4,0.26566440198310565,0.5823685471951853,-58.600519193548394,3.8563541666666667,1.9281770833333334,linger
80795.0,2023-09-24,12,2023-09-24 03:16:55.394,2023-09-24 21:59:13.561,4,0.10714893511720307,0.1260850689091219,-72.78820833333333,18.70504638888889,12.352523194444444,intermediate
80795.0,2023-10-07,18,2023-10-07 20:24:54.774,2023-10-07 20:34:56.999,1,0.13734934549108122,0.1897425722930411,-69.64131111111111,0.16728472222222224,20.08364236111111,fly_by
80796,2023-09-21,1264,2023-09-21 21:08:45.902,2023-09-21 23:59:54.556,3,0.38899621169473825,0.6280703511808367,-45.57600379746835,2.852403888888889,22.426201944444443,linger
80796,2023-09-22,4284,2023-09-22 00:00:26.249,2023-09-22 20:37:32.174,21,0.275062860755367,0.5864378056802907,-57.36344831932773,20.618312500000002,10.309156250000001,linger
80796,2023-09-25,2,2023-09-25 11:53:35.534,2023-09-25 11:54:07.228,1,0.10477119711362817,0.11714335865625262,-72.87115,0.008803888888888889,11.004401944444444,fly_by
80798.0,2023-09-16,399,2023-09-16 23:06:58.385,2023-09-16 23:59:48.018,1,0.3948565443770562,0.5338514009002174,-43.830960150375944,0.8804536111111111,23.440226805555554,intermediate
80798.0,2023-09-17,760,2023-09-17 00:00:19.714,2023-09-17 15:49:09.004,7,0.3739162406653931,0.5623445337280956,-45.817318421052626,15.813691666666667,7.906845833333334,linger
80798.0,2023-09-19,6,2023-09-19 04:17:23.241,2023-09-19 20:11:28.950,2,0.10203309826624117,0.1299707661624781,-73.00585,15.901585833333334,11.950792916666668,intermediate
80798.0,2023-09-20,3,2023-09-20 15:34:18.133,2023-09-20 15:35:21.526,1,0.09224914252566073,0.09439211061326805,-73.6069,0.017609166666666665,15.008804583333333,fly_by
80798.0,2023-09-21,4,2023-09-21 21:44:23.589,2023-09-21 21:47:02.155,1,0.1470403115629746,0.1935167959735864,-69.35832500000001,0.04404611111111111,21.022023055555554,fly_by
80798.0,2023-09-24,32,2023-09-24 21:07:13.507,2023-09-24 21:28:53.065,1,0.14444516261641066,0.18164727402062902,-69.3382375,0.36098833333333336,21.180494166666666,fly_by
80800.0,2023-09-21,671,2023-09-21 22:27:23.222,2023-09-21 23:59:50.093,2,0.3828651229434329,0.6220337660121726,-46.03717913561848,1.5407975,22.77039875,intermediate
80800.0,2023-09-22,149,2023-09-22 00:00:21.789,2023-09-22 00:43:40.894,1,0.2685341345033115,0.4806427434126783,-57.89436979865771,0.7219736111111111,0.36098680555555557,intermediate
80800.0,2023-10-10,10,2023-10-10 22:59:07.825,2023-10-10 23:03:53.092,2,0.12170661230653099,0.13689954744664035,-71.38636,0.07924083333333333,22.039620416666665,fly_by
80801.0,2023-09-22,904,2023-09-22 21:59:24.295,2023-09-22 23:59:50.931,3,0.3359858995991212,0.5263793919193807,-52.329810176991145,2.007398888888889,22.003699444444443,linger
80801.0,2023-09-23,3321,2023-09-23 00:00:22.627,2023-09-23 23:32:57.112,22,0.20192796942415928,0.5826177244376126,-64.17974104185487,23.5429125,11.77145625,linger
80801.0,2023-09-24,19,2023-09-24 01:50:18.006,2023-09-24 01:55:34.963,1,0.15855041481790733,0.2599935599046076,-68.48554736842105,0.08804361111111111,1.0440218055555555,fly_by
80802.0,2023-09-22,881,2023-09-22 21:59:22.998,2023-09-22 23:59:49.530,3,0.3393295036614409,0.42977042639669727,-52.13796299659478,2.00737,22.003685,linger
80802.0,2023-09-23,962,2023-09-23 00:00:21.225,2023-09-23 23:07:01.936,5,0.36036374350734424,0.6208687754541588,-47.668078274428275,23.11130861111111,11.555654305555555,linger
80803.0,2023-09-22,670,2023-09-22 22:29:11.521,2023-09-22 23:59:31.422,2,0.3377958453574318,0.4120633973122723,-52.247410746268656,1.5055280555555555,22.75276402777778,intermediate
80803.0,2023-09-23,1522,2023-09-23 00:00:03.117,2023-09-23 03:30:17.847,4,0.3874226876923457,0.5540561525560594,-44.934113272010514,3.5040916666666666,1.7520458333333333,linger
80804.0,2023-09-24,1448,2023-09-24 20:29:03.864,2023-09-24 23:49:15.878,4,0.37970856430888833,0.5381966978510405,-46.61563922651934,3.336670555555555,21.66833527777778,linger
80804.0,2023-09-25,14,2023-09-25 00:07:45.166,2023-09-25 00:45:15.439,1,0.13557065309693087,0.18763391336802568,-68.59382142857143,0.6250758333333334,0.3125379166666667,fly_by
80805.0,2023-09-24,578,2023-09-24 22:43:24.953,2023-09-24 23:59:29.221,2,0.36641939735293017,0.5305977867109168,-48.566839965397925,1.2678522222222222,22.633926111111112,intermediate
80805.0,2023-09-25,1117,2023-09-25 00:00:00.917,2023-09-25 03:29:44.346,4,0.35949545224143,0.5794824803912983,-48.243721665174576,3.4953969444444444,1.7476984722222222,linger
80805.0,2023-09-26,35,2023-09-26 02:24:49.569,2023-09-26 23:43:46.335,4,0.12343254972994812,0.1645461664989698,-69.67792571428572,21.315768333333335,12.657884166666667,intermediate
80805.0,2023-09-27,71,2023-09-27 00:22:51.861,2023-09-27 23:44:53.919,8,0.1310444806907187,0.19288275201285762,-67.97926760563381,23.367238333333333,11.683619166666666,intermediate
80805.0,2023-09-28,70,2023-09-28 00:04:26.682,2023-09-28 23:59:45.542,10,0.11702160814251347,0.19428447050689465,-69.51537714285715,23.921905555555554,11.960952777777777,intermediate
80805.0,2023-09-29,1078,2023-09-29 00:00:17.238,2023-09-29 23:41:51.964,22,0.13878191230482406,0.22534174836821758,-69.39958756957328,23.692979444444443,11.846489722222222,linger
80805.0,2023-10-01,80,2023-10-01 00:20:29.887,2023-10-01 23:56:47.680,7,0.11578577843093615,0.17617282683971586,-70.46886875,23.6049425,11.80247125,intermediate
80805.0,2023-10-02,12,2023-10-02 00:02:04.643,2023-10-02 00:58:36.145,1,0.12289702770198004,0.15128425972796214,-69.56400000000001,0.9420838888888888,0.4710419444444444,fly_by
80805.0,2023-10-03,33,2023-10-03 22:07:34.831,2023-10-03 23:37:23.199,2,0.11806616832483124,0.1706826758660571,-70.57503636363637,1.496768888888889,22.748384444444444,intermediate
80805.0,2023-10-04,40,2023-10-04 03:35:06.527,2023-10-04 22:33:00.344,6,0.11339772202465066,0.154355378265079,-71.797635,18.964949166666667,12.482474583333333,intermediate
80805.0,2023-10-05,426,2023-10-05 07:21:48.333,2023-10-05 21:36:32.983,10,0.10476072640024202,0.12303813139345941,-71.96250328638497,14.245736111111112,14.122868055555557,linger
80805.0,2023-10-06,285,2023-10-06 00:11:51.694,2023-10-06 21:52:59.763,4,0.18460963217245083,0.5079706851744814,-65.79278105263157,21.685574722222224,10.842787361111112,linger
80805.0,2023-10-20,30,2023-10-20 20:31:33.017,2023-10-20 20:53:12.564,1,0.17646948251397504,0.2650691241947737,-65.28072333333333,0.3609852777777778,20.18049263888889,fly_by
80806.0,2023-09-24,68,2023-09-24 23:51:21.111,2023-09-24 23:59:48.250,1,0.3591128532612867,0.4451338828423999,-49.46006617647059,0.14087194444444445,23.07043597222222,intermediate
80806.0,2023-09-25,1864,2023-09-25 00:00:19.946,2023-09-25 20:31:11.818,19,0.19635162508832407,0.5332820211702347,-63.601014109442055,20.51440888888889,10.257204444444445,linger
80807.0,2023-09-25,1178,2023-09-25 00:19:11.416,2023-09-25 20:49:29.998,16,0.28605428894336277,0.6505716952979756,-55.539177419354836,20.505161666666666,10.252580833333333,linger
80807.0,2023-09-28,61,2023-09-28 22:00:54.900,2023-09-28 22:20:59.329,1,0.2510344994329437,0.5362824348650816,-59.25173114754098,0.33456361111111116,22.167281805555554,intermediate
80807.0,2023-10-15,7,2023-10-15 03:24:43.561,2023-10-15 03:34:45.774,1,0.13030004566206096,0.1890620149756589,-69.15357142857142,0.16728138888888888,3.0836406944444446,fly_by
80808.0,2023-09-25,659,2023-09-25 00:44:39.853,2023-09-25 02:29:47.438,3,0.3672694325983562,0.5715990851744542,-47.811386342943855,1.7521069444444444,0.8760534722222222,intermediate
80809.0,2023-09-25,1572,2023-09-25 20:29:23.427,2023-09-25 23:59:38.548,4,0.3856298409419129,0.603760083483792,-46.11077430025445,3.5042002777777777,21.75210013888889,linger
80809.0,2023-09-26,1474,2023-09-26 00:00:10.244,2023-09-26 23:59:42.751,15,0.18035756781121168,0.5012620968777006,-65.60207530529172,23.992363055555554,11.996181527777777,linger
80809.0,2023-09-27,1446,2023-09-27 00:00:14.447,2023-09-27 20:44:19.432,20,0.1560102308185617,0.5342062048147619,-67.1708397648686,20.734718055555557,10.367359027777779,linger
80810,2023-09-26,1021,2023-09-26 21:44:26.924,2023-09-26 23:59:41.197,3,0.41581588343875814,0.5288475471452609,-42.59397522037219,2.2539647222222223,22.12698236111111,linger
80810,2023-09-27,7174,2023-09-27 00:00:12.893,2023-09-27 23:50:46.554,24,0.2707486936344709,0.5598577325427522,-57.41092260942292,23.84268361111111,11.921341805555555,linger
80810,2023-09-28,2054,2023-09-28 00:07:40.836,2023-09-28 23:59:17.883,24,0.18612643320812963,0.31422560872532385,-65.88327799415774,23.860290833333334,11.930145416666667,linger
80810,2023-09-29,477,2023-09-29 00:06:09.935,2023-09-29 22:54:55.112,16,0.12110142862989877,0.2817757796273711,-70.08583375262054,22.812549166666667,11.406274583333333,linger
80810,2023-09-30,94,2023-09-30 00:04:07.330,2023-09-30 23:49:55.730,6,0.13435059727129045,0.26693229661121887,-68.75866595744681,23.763444444444442,11.881722222222221,intermediate
80810,2023-10-01,1399,2023-10-01 00:21:37.509,2023-10-01 22:29:10.396,19,0.16729486655399298,0.5148314201644512,-67.38114238741959,22.125801944444444,11.062900972222222,linger
80810,2023-10-02,99,2023-10-02 01:00:47.239,2023-10-02 20:57:19.447,11,0.1069041895312575,0.1626063075832742,-72.84886464646465,19.94228,10.97114,intermediate
80810,2023-10-03,26,2023-10-03 04:09:27.040,2023-10-03 12:59:18.469,5,0.10666084520347338,0.12605005682660464,-72.47383846153846,8.8309525,8.415476250000001,intermediate
80810,2023-10-04,10,2023-10-04 20:49:00.695,2023-10-04 20:52:42.570,1,0.18511919946513977,0.27709034506415586,-65.87962,0.06163194444444445,20.03081597222222,fly_by
80812.0,2023-09-27,752,2023-09-27 21:13:56.573,2023-09-27 23:36:34.436,3,,,-51.876639361702125,2.3771841666666664,22.188592083333333,linger
80813.0,2023-09-27,790,2023-09-27 22:01:18.992,2023-09-27 23:59:38.942,2,0.35651974806918707,0.6197833705001593,-48.62297936708861,1.9722083333333333,22.986104166666667,intermediate
80813.0,2023-09-28,389,2023-09-28 00:00:10.638,2023-09-28 02:27:33.869,3,0.18845764323113515,0.4243294594721613,-64.8147676092545,2.4564530555555555,1.2282265277777777,linger
80814.0,2023-09-25,232,2023-09-25 23:29:11.596,2023-09-25 23:59:49.971,1,0.40498962895237756,0.4506666702487487,-44.22479568965517,0.5106597222222222,23.25532986111111,intermediate
80814.0,2023-09-26,2838,2023-09-26 00:00:21.667,2023-09-26 21:10:18.928,20,0.2817393531731267,0.5150820692592472,-56.338129422128254,21.165905833333333,10.582952916666667,linger
80814.0,2023-09-27,31,2023-09-27 03:04:15.266,2023-09-27 03:12:42.402,1,0.18489442669686296,0.32382065880439204,-65.66137741935484,0.1408711111111111,3.0704355555555556,fly_by
80814.0,2023-10-07,15,2023-10-07 21:39:27.252,2023-10-07 21:47:54.387,1,0.19341597546535272,0.27854309804057154,-65.61653333333334,0.14087083333333333,21.070435416666665,fly_by
80815,2023-09-27,321,2023-09-27 23:14:44.579,2023-09-27 23:59:38.583,1,0.3920585958272861,0.5268017983923462,-44.03278380062306,0.7483344444444444,23.374167222222223,intermediate
80815,2023-09-28,2021,2023-09-28 00:00:10.277,2023-09-28 20:28:50.997,21,0.21969015818125334,0.640086135108286,-61.54635457694211,20.477977777777777,10.238988888888889,linger
80815,2023-09-29,956,2023-09-29 04:58:35.902,2023-09-29 22:17:38.470,14,0.12767785650560073,0.17401106860767968,-68.45867071129707,17.31738,12.65869,linger
80815,2023-09-30,1144,2023-09-30 04:21:04.098,2023-09-30 20:34:04.979,17,0.12903815219449932,0.24496797691174862,-70.35151494755246,16.21691138888889,12.108455694444444,linger
80816.0,2023-09-27,88,2023-09-27 23:47:59.169,2023-09-27 23:59:36.478,1,0.3819411449106745,0.4988059989336237,-45.856179545454545,0.19369694444444444,23.096848472222224,intermediate
80816.0,2023-09-28,598,2023-09-28 00:00:08.174,2023-09-28 02:10:05.355,3,0.33614104121616617,0.6514265388500434,-49.922139966555186,2.165883611111111,1.0829418055555555,linger
80817.0,2023-10-04,1321,2023-10-04 20:34:58.227,2023-10-04 23:59:56.356,4,0.3664749243925853,0.5650684089000102,-48.379431112793334,3.4161469444444448,21.70807347222222,linger
80817.0,2023-10-05,1315,2023-10-05 00:00:28.052,2023-10-05 21:07:47.156,20,0.1653440936063122,0.3029355252190249,-66.69384129277566,21.121973333333337,10.560986666666668,linger
80818.0,2023-10-04,929,2023-10-04 21:56:22.651,2023-10-04 23:59:59.499,3,0.3981581704320832,0.6923493685906489,-44.88298772874058,2.0602355555555554,22.03011777777778,linger
80818.0,2023-10-05,1004,2023-10-05 00:00:31.195,2023-10-05 21:15:45.194,7,0.28576594989446535,0.536264357671916,-56.48374093625498,21.25388861111111,10.626944305555554,linger
80819.0,2023-10-04,765,2023-10-04 22:18:35.029,2023-10-04 23:59:28.825,2,0.4104792823442866,0.658745191541551,-42.65512758169935,1.68161,22.840805,intermediate
80819.0,2023-10-05,1405,2023-10-05 00:00:00.521,2023-10-05 20:35:36.011,19,0.18509654597270336,0.5826004274342882,-65.12818348754449,20.59319166666667,10.296595833333335,linger
80820.0,2023-10-04,326,2023-10-04 23:16:30.036,2023-10-04 23:59:49.110,1,0.35953830847033186,0.6335820943218157,-47.347836196319015,0.721965,23.3609825,intermediate
80820.0,2023-10-05,1969,2023-10-05 00:00:20.806,2023-10-05 21:33:01.018,22,0.18286435692515285,0.4842052540779296,-65.51867755205689,21.544503333333335,10.772251666666667,linger
80821.0,2023-10-04,193,2023-10-04 23:33:27.558,2023-10-04 23:59:52.290,1,0.36754345337284616,0.4618944169108999,-49.12193523316062,0.44020333333333334,23.220101666666668,intermediate
80821.0,2023-10-05,1110,2023-10-05 00:00:23.985,2023-10-05 23:59:20.192,14,0.2565296039830332,0.5650153651889886,-59.08837918918919,23.98227972222222,11.99113986111111,linger
80821.0,2023-10-06,2689,2023-10-06 00:01:26.971,2023-10-06 23:57:44.793,24,0.16981318694347142,0.337857334690742,-67.43220189661584,23.93828388888889,11.969141944444445,linger
80821.0,2023-10-07,25,2023-10-07 00:03:33.433,2023-10-07 03:33:47.904,2,0.11964512799969018,0.18045309973612683,-71.256632,3.504019722222222,1.752009861111111,intermediate
80821.0,2023-10-08,47,2023-10-08 20:14:48.986,2023-10-08 23:48:13.611,4,0.14991838581397146,0.2782720066461283,-69.09533191489362,3.556840277777778,21.77842013888889,intermediate
80821.0,2023-10-09,31,2023-10-09 20:40:41.626,2023-10-09 23:06:29.343,2,0.1492574658219557,0.24188222717324775,-69.23785161290323,2.429921388888889,21.214960694444443,intermediate
80821.0,2023-10-10,64,2023-10-10 04:12:20.531,2023-10-10 19:56:50.607,4,0.13815966410358319,0.26826491404453556,-69.2283890625,15.741687777777779,11.870843888888889,intermediate
80821.0,2023-10-12,2821,2023-10-12 01:14:18.701,2023-10-12 23:58:14.289,22,0.1714980821336273,0.46300275935683144,-67.23782896136122,22.732107777777777,12.366053888888889,linger
80821.0,2023-10-13,2,2023-10-13 00:00:52.762,2023-10-13 00:01:24.457,1,0.141802504646397,0.1633308740993968,-70.45765,0.008804166666666667,0.004402083333333333,fly_by
80821.0,2023-11-01,12,2023-11-01 21:23:54.453,2023-11-01 21:30:14.789,1,0.1432587957418735,0.18477812286872408,-68.46465833333333,0.10564888888888889,21.052824444444443,fly_by
80821.0,2023-11-03,50,2023-11-03 19:28:44.641,2023-11-03 19:55:41.070,1,0.14882952650640968,0.17089956163781875,-69.080866,0.44900805555555556,19.224504027777776,intermediate
80821.0,2023-11-04,3,2023-11-04 19:18:42.246,2023-11-04 19:19:45.635,1,0.11848679952432926,0.12968036304383487,-71.38756666666667,0.017608055555555557,19.008804027777778,fly_by
80822.0,2023-10-05,893,2023-10-05 21:59:22.256,2023-10-05 23:59:48.961,3,0.3530538742043355,0.602715613160776,-49.68487995520717,2.0074180555555556,22.003709027777777,linger
80822.0,2023-10-06,2525,2023-10-06 00:00:20.657,2023-10-06 23:59:52.508,24,0.1719939046584435,0.5289220810837904,-66.24508332673268,23.992180833333332,11.996090416666666,linger
80822.0,2023-10-07,3561,2023-10-07 00:00:24.204,2023-10-07 23:59:56.038,24,0.1820692265041838,0.3606463783324589,-66.18717604605447,23.99217611111111,11.996088055555555,linger
80822.0,2023-10-08,1008,2023-10-08 00:00:27.735,2023-10-08 22:56:04.251,21,0.1541658183054625,0.4296189583090128,-68.27353690476191,22.92681,11.463405,linger
80822.0,2023-10-15,18,2023-10-15 22:04:10.454,2023-10-15 22:22:39.815,1,0.14745303213600947,0.19646428671014915,-67.38298888888889,0.30815583333333335,22.154077916666665,fly_by
80822.0,2023-10-18,21,2023-10-18 20:35:35.903,2023-10-18 20:46:09.824,1,0.1631946073551326,0.21294451306934362,-65.83178571428572,0.17608916666666669,20.088044583333332,fly_by
80823.0,2023-10-05,458,2023-10-05 22:59:06.163,2023-10-05 23:59:51.228,2,0.3260333702137264,0.40648711863240816,-53.926789301310045,1.0125180555555555,22.506259027777777,intermediate
80823.0,2023-10-06,3884,2023-10-06 00:00:22.924,2023-10-06 20:27:33.081,21,0.20771347331880477,0.5107532063738827,-63.901884963954686,20.45282138888889,10.226410694444445,linger
80824.0,2023-10-05,4,2023-10-05 23:59:09.903,2023-10-05 23:59:09.903,1,0.36430809334299585,0.4089284353226574,-46.032125,0.0,23.0,fly_by
80824.0,2023-10-06,601,2023-10-06 00:00:13.294,2023-10-06 19:52:30.867,9,0.29806777509686333,0.5768316716420393,-54.46426239600666,19.871548055555557,9.935774027777779,linger
80824.0,2023-10-07,9,2023-10-07 00:08:11.663,2023-10-07 00:56:47.682,1,0.12925187824883644,0.19516657002761284,-71.0076111111111,0.8100052777777778,0.4050026388888889,fly_by
80826.0,2023-10-06,1446,2023-10-06 00:59:24.530,2023-10-06 05:29:21.386,6,0.3210548733477909,0.6239875460120379,-52.56075401106501,4.499126666666666,2.249563333333333,linger
80827.0,2023-10-11,444,2023-10-11 22:58:58.909,2023-10-11 23:59:43.977,2,0.36678238504946914,0.5663123696318759,-47.616752027027026,1.012518888888889,22.506259444444446,intermediate
80827.0,2023-10-12,625,2023-10-12 00:00:15.673,2023-10-12 02:36:37.753,3,0.37065677776646483,0.5645139583640736,-46.90675344,2.606133333333333,1.3030666666666666,linger
80827.0,2023-11-10,10,2023-11-10 19:41:20.673,2023-11-10 19:49:47.814,1,0.2054886814268558,0.2659794872051505,-63.32165,0.1408725,19.07043625,fly_by
80828.0,2023-10-11,406,2023-10-11 22:59:01.924,2023-10-11 23:59:46.892,2,0.3608625827485844,0.557178882688789,-47.75364975369458,1.012491111111111,22.506245555555555,intermediate
80828.0,2023-10-12,65,2023-10-12 00:00:18.587,2023-10-12 01:07:23.897,2,0.1952595029976472,0.4150697247104373,-65.13873076923076,1.1181416666666666,0.5590708333333333,intermediate
80829.0,2023-10-11,458,2023-10-11 22:59:10.575,2023-10-11 23:59:55.576,2,0.38291934922732296,0.5772254305848831,-46.714841266375544,1.0125002777777778,22.506250138888888,intermediate
80829.0,2023-10-12,331,2023-10-12 00:00:27.271,2023-10-12 06:34:00.528,3,0.2819800266479127,0.48622816736136076,-57.16083987915408,6.559238055555556,3.279619027777778,linger
80829.0,2023-10-13,6,2023-10-13 01:20:15.686,2023-10-13 01:35:03.166,1,0.11767498445227231,0.1620851746214393,-71.99623333333334,0.24652222222222223,1.123261111111111,fly_by
80829.0,2023-10-20,75,2023-10-20 21:26:33.880,2023-10-20 22:18:51.749,2,0.1880699383522955,0.3530684132591435,-65.44731866666666,0.8716302777777778,21.435815138888888,intermediate
80830,2023-10-11,118,2023-10-11 23:44:07.536,2023-10-11 23:59:58.411,1,0.37595533616455445,0.4886085367139627,-47.81496186440678,0.26413194444444443,23.13206597222222,intermediate
80830,2023-10-12,701,2023-10-12 00:00:30.107,2023-10-12 19:56:29.529,6,0.374714017767329,0.5881715433079805,-46.7711820256776,19.93317277777778,9.96658638888889,linger
80830,2023-10-13,78,2023-10-13 03:36:36.620,2023-10-13 23:13:35.024,4,0.1530928955407444,0.24262750115550544,-68.4504282051282,19.61622333333333,12.808111666666665,intermediate
80830,2023-10-14,18,2023-10-14 04:25:47.275,2023-10-14 05:03:17.681,2,0.163796767609074,0.2620062023959768,-65.59971111111112,0.6251127777777777,4.312556388888889,fly_by
80830,2023-10-15,5,2023-10-15 22:19:47.933,2023-10-15 22:21:54.716,1,0.16439805995370393,0.19233058916369744,-66.47754,0.0352175,22.01760875,fly_by
80830,2023-10-16,2,2023-10-16 21:04:50.070,2023-10-16 21:05:21.766,1,0.09753028846947807,0.10088584354804936,-75.57669999999999,0.008804444444444445,21.00440222222222,fly_by
80830,2023-10-17,60,2023-10-17 21:22:50.676,2023-10-17 22:30:27.745,2,0.1530990548255209,0.23013025276589272,-67.82990833333334,1.1269636111111112,21.563481805555554,intermediate
80830,2023-10-18,13,2023-10-18 03:03:34.498,2023-10-18 19:27:43.931,3,0.13792224775958772,0.18907120704780508,-69.53459230769231,16.40262027777778,11.20131013888889,intermediate
80830,2023-10-20,21,2023-10-20 04:22:54.740,2023-10-20 20:15:54.071,3,0.14569859622836798,0.21272865288721793,-66.88339047619047,15.8831475,11.94157375,intermediate
80830,2023-10-21,138,2023-10-21 00:28:56.373,2023-10-21 04:53:35.986,5,0.15427388318284485,0.2748533022279725,-67.55944492753623,4.411003611111111,2.2055018055555555,linger
80830,2023-10-22,7,2023-10-22 20:10:42.971,2023-10-22 20:14:56.538,1,0.1271079093022903,0.15318508692583346,-67.59545714285714,0.07043527777777778,20.035217638888888,fly_by
80830,2023-10-24,59,2023-10-24 03:11:15.932,2023-10-24 04:47:24.592,2,0.157292186203169,0.2723483551420806,-66.81208983050848,1.6024055555555554,3.8012027777777777,intermediate
80830,2023-10-25,18,2023-10-25 00:43:24.185,2023-10-25 01:55:46.528,2,0.13954434584101053,0.19830953186545203,-67.49770555555556,1.2062063888888888,0.6031031944444444,intermediate
80830,2023-10-27,18,2023-10-27 21:46:35.293,2023-10-27 22:08:46.521,2,0.1419088465900312,0.22051231018819803,-65.74729444444444,0.3697855555555556,21.184892777777776,fly_by
80830,2023-10-30,31,2023-10-30 21:06:35.468,2023-10-30 21:50:57.921,1,0.14485665497778902,0.20915879959802303,-68.52456451612903,0.7395702777777777,21.36978513888889,fly_by
80830,2023-10-31,65,2023-10-31 02:08:13.817,2023-10-31 04:35:05.274,3,0.15286148144556228,0.2697949303082981,-67.25029846153846,2.4476269444444445,3.223813472222222,intermediate
80830,2023-11-01,8,2023-11-01 23:33:32.915,2023-11-01 23:55:44.141,1,0.11178989087423467,0.12484094550424837,-70.16545,0.36978500000000003,23.1848925,fly_by
80830,2023-11-02,75,2023-11-02 00:09:28.234,2023-11-02 06:03:56.169,5,0.15729823152532071,0.2555037583632837,-64.99333466666667,5.907759722222223,2.9538798611111114,intermediate
80830,2023-11-03,57,2023-11-03 18:58:25.382,2023-11-03 23:36:49.111,5,0.15045326049585106,0.2685783837644892,-66.63288771929824,4.639924722222222,20.31996236111111,intermediate
80830,2023-11-04,64,2023-11-04 00:50:46.534,2023-11-04 04:59:03.597,5,0.13614947397925747,0.21256456499876714,-67.2603546875,4.138073055555555,2.0690365277777776,intermediate
80830,2023-11-05,23,2023-11-05 03:33:31.876,2023-11-05 04:27:56.551,2,0.13959514054922706,0.20728426935015967,-64.96825652173914,0.9068541666666667,3.4534270833333336,fly_by
80830,2023-11-08,17,2023-11-08 03:04:05.964,2023-11-08 20:19:30.035,2,0.14585592801914907,0.19750778037470793,-65.49024705882353,17.25668638888889,11.628343194444446,intermediate
80830,2023-11-09,197,2023-11-09 00:45:44.788,2023-11-09 07:19:49.960,4,0.2557700852936205,0.5765936865528323,-58.27582030456853,6.568103333333333,3.2840516666666666,linger
80830,2023-11-10,62,2023-11-10 20:33:20.483,2023-11-10 21:18:46.336,2,0.17809102119875517,0.3821070672911384,-66.01008709677419,0.7571813888888889,20.378590694444444,intermediate
80830,2023-11-13,2,2023-11-13 04:05:38.583,2023-11-13 04:06:10.279,1,0.12130512472346885,0.12657254326088443,-70.23405,0.008804444444444445,4.004402222222223,fly_by
80830,2023-11-15,3,2023-11-15 19:58:12.698,2023-11-15 19:59:16.090,1,0.12455861684337632,0.1312026640924138,-67.5852,0.01760888888888889,19.008804444444444,fly_by
80830,2023-11-16,29,2023-11-16 04:39:36.606,2023-11-16 05:18:42.107,2,0.15157101095288356,0.21289696006119635,-68.05804827586206,0.6515280555555556,4.325764027777778,fly_by
80830,2023-11-18,125,2023-11-18 04:30:44.212,2023-11-18 23:39:11.195,6,0.1570709549182784,0.25371920431054934,-67.2913448,19.140828611111107,13.570414305555554,linger
80830,2023-11-22,19,2023-11-22 04:15:37.530,2023-11-22 22:48:40.914,3,0.1384295443138831,0.16460745333937618,-67.47859473684211,18.55094,13.27547,intermediate
80830,2023-11-23,105,2023-11-23 05:22:46.099,2023-11-23 23:51:35.930,4,0.13004297321409022,0.22689894901256188,-70.50758476190477,18.480508611111112,14.240254305555556,linger
80830,2023-11-24,672,2023-11-24 00:24:52.775,2023-11-24 23:15:12.167,16,0.13668562020405353,0.2820745072354893,-68.71586086309523,22.838720000000002,11.419360000000001,linger
80830,2023-11-25,2,2023-11-25 00:06:58.371,2023-11-25 00:07:30.068,1,0.11793528872312427,0.13017192978610165,-72.2042,0.008804722222222222,0.004402361111111111,fly_by
80830,2023-11-26,2,2023-11-26 23:12:03.149,2023-11-26 23:12:34.845,1,0.09562608210224105,0.10381962684923135,-75.45275000000001,0.008804444444444445,23.00440222222222,fly_by
80830,2023-11-27,8,2023-11-27 02:15:53.352,2023-11-27 23:51:11.933,2,0.11849802563689266,0.14964878566405787,-69.031725,21.588494722222222,12.794247361111111,intermediate
80830,2023-11-28,68,2023-11-28 02:14:21.545,2023-11-28 17:50:58.551,6,0.13929895951380528,0.2014061371305304,-67.61103676470589,15.610279444444444,9.805139722222222,intermediate
80830,2023-12-04,14,2023-12-04 05:18:31.588,2023-12-04 05:47:34.869,1,0.11687126142395975,0.14415695610917456,-69.68146428571428,0.4842447222222222,5.242122361111111,fly_by
80830,2023-12-17,235,2023-12-17 08:27:01.414,2023-12-17 18:56:11.352,7,0.11966043211256142,0.26580860591559924,-71.00789574468085,10.48609388888889,13.243046944444444,linger
80830,2023-12-21,7,2023-12-21 02:30:08.105,2023-12-21 03:01:18.168,2,0.1226530368823455,0.13984293104196618,-66.45442857142856,0.5194619444444445,2.259730972222222,fly_by
80830,2023-12-25,24,2023-12-25 20:28:53.350,2023-12-25 20:52:39.671,1,0.16115863877878311,0.24151928058987637,-67.79002083333334,0.3962002777777778,20.19810013888889,fly_by
80830,2023-12-29,18,2023-12-29 21:42:00.784,2023-12-29 22:13:10.848,2,0.12137033519266402,0.166849630717215,-71.59677777777777,0.5194622222222223,21.259731111111112,fly_by
80831,2023-10-12,230,2023-10-12 00:44:23.470,2023-10-12 01:19:15.407,2,0.28463923131374497,0.5753222601021518,-56.62606608695652,0.5810936111111111,0.29054680555555557,intermediate
80832.0,2023-10-12,2002,2023-10-12 00:44:25.994,2023-10-12 23:01:30.963,18,0.31090118996541377,0.5940651363874424,-54.02688021978022,22.284713611111112,11.142356805555556,linger
80833.0,2023-10-13,786,2023-10-13 21:44:17.568,2023-10-13 23:59:31.712,3,0.2974798372885716,0.5565236328218776,-54.70391539440203,2.253928888888889,22.126964444444443,linger
80833.0,2023-10-14,77,2023-10-14 00:00:03.407,2023-10-14 00:58:41.649,1,0.1979640738885305,0.3925332022915076,-64.88013376623377,0.9772894444444445,0.48864472222222227,intermediate
80834.0,2023-10-14,2876,2023-10-14 00:44:27.816,2023-10-14 23:59:33.693,24,0.25645121170583135,0.5588219222993278,-58.14934704450626,23.2516325,11.62581625,linger
80834.0,2023-10-15,206,2023-10-15 00:00:05.388,2023-10-15 05:36:03.346,4,0.1714934941200768,0.34007166333309874,-66.76295388349514,5.5994327777777775,2.7997163888888887,linger
80835,2023-10-14,3598,2023-10-14 01:44:12.330,2023-10-14 23:20:53.878,23,0.2588801268469351,0.5366043821407449,-59.13038513062813,21.61154111111111,11.805770555555554,linger
80837.0,2023-10-17,482,2023-10-17 22:29:28.222,2023-10-17 23:59:48.333,2,0.293362475662092,0.5386669948279926,-55.35407925311203,1.505586388888889,22.752793194444443,intermediate
80837.0,2023-10-18,38,2023-10-18 00:00:20.030,2023-10-18 00:35:12.003,1,0.20454069109704925,0.34699167519749674,-62.771157894736845,0.5811036111111111,0.29055180555555554,fly_by
80838,2023-10-17,518,2023-10-17 22:28:58.139,2023-10-17 23:59:49.679,2,0.29868666219584383,0.5424312339180829,-54.548383783783784,1.5143166666666668,22.757158333333333,intermediate
80838,2023-10-18,248,2023-10-18 00:00:21.374,2023-10-18 01:58:41.057,2,0.21258141653526835,0.4297342345434224,-63.35557943548387,1.9721341666666667,0.9860670833333334,intermediate
80839,2023-10-17,222,2023-10-17 22:59:06.607,2023-10-17 23:29:44.986,2,0.38384530087615776,0.5955648540012153,-45.22868873873873,0.5106608333333333,22.255330416666666,intermediate
80840,2023-10-18,930,2023-10-18 01:29:18.463,2023-10-18 20:11:19.506,7,0.25908952818589814,0.5882285757794952,-58.270183225806456,18.700289722222223,10.350144861111112,linger
